{
  "Fake": {
    "precision": 0.7893030794165316,
    "recall": 0.4538676607642125,
    "f1-score": 0.5763313609467455,
    "support": 1073.0
  },
  "Real": {
    "precision": 0.8508526342580809,
    "recall": 0.9625683846818313,
    "f1-score": 0.9032693866522562,
    "support": 3473.0
  },
  "accuracy": 0.8424989001319841,
  "macro avg": {
    "precision": 0.8200778568373062,
    "recall": 0.7082180227230219,
    "f1-score": 0.7398003737995009,
    "support": 4546.0
  },
  "weighted avg": {
    "precision": 0.8363249896595365,
    "recall": 0.8424989001319841,
    "f1-score": 0.8261016564318397,
    "support": 4546.0
  }
}